Model,Folds,Mean_F1,Std_F1
Logistic Regression,3,0.6561245697868089,0.016969491626152834
Logistic Regression,5,0.6625122426630792,0.014928789995152816
Logistic Regression,7,0.6719100252147825,0.028558988813372453
Logistic Regression,10,0.6733297779967471,0.02643192755424796
Random Forest,3,0.5884173873115482,0.008886858826007914
Random Forest,5,0.6190409418586871,0.02052218298407898
Random Forest,7,0.627662923931854,0.0345208420723812
Random Forest,10,0.6315933914330534,0.029986535402010784
